sim_time,event,value
19.233334336,tag,0
34.033335108,tag,5
