sim_time,event,value
19.200001001,tag,0
34.583335136,tag,5
