sim_time,event,value,soc
5459.200284719,run_started,30,0.999609
5488.133619561,waypoint,1,0.862644
5488.183619564,tag,1,0.862644
