sim_time,event,value,soc
5854.000305309,run_started,32,0.999609
5883.416973510,waypoint,1,0.860573
5883.650306856,tag,1,0.859762
