sim_time,event,value,soc
0.000000000,run_started,0,nan
14.033334065,tag,1,0.941131
26.933334738,waypoint,1,0.895613
37.466668620,tag,2,0.848965
50.950002657,waypoint,2,0.798986
58.300003040,tag,403,0.764119
