sim_time,event,value,soc
4864.400253698,run_started,27,0.999604
4892.583588501,waypoint,1,0.865755
4892.733588509,tag,1,0.864963
4916.116923062,waypoint,2,0.752408
4916.233589734,tag,2,0.752012
4939.116924261,waypoint,3,0.640566
4939.216924266,tag,3,0.640171
