sim_time,event,value,soc
1331.700069453,run_started,8,0.999609
1361.433404337,waypoint,1,0.859466
1361.500071007,tag,1,0.859466
1385.550072262,waypoint,2,0.744079
1385.633405599,tag,2,0.743687
1409.683406854,waypoint,3,0.627914
1409.866740196,tag,3,0.627113
1435.500074867,waypoint,4,0.500998
1435.533408202,tag,4,0.500998
