sim_time,event,value,soc
7043.800367362,run_started,38,0.999670
7073.400368906,waypoint,1,0.881736
7073.417035574,tag,1,0.881736
