sim_time,event,value
19.133334331,tag,0
31.266668297,waypoint,0
41.783335512,tag,1
55.450002891,waypoint,1
66.950003491,tag,2
79.050004122,waypoint,2
