sim_time,event,value
18.466667629,tag,0
34.733335144,tag,5
