sim_time,event,value,soc
187.100009758,run_started,2,0.999604
214.700011197,waypoint,1,0.868178
214.766677867,tag,1,0.867782
238.016679080,waypoint,2,0.755747
238.050012415,tag,2,0.755747
