sim_time,event,value,soc
130.100006785,run_started,2,0.999670
159.616674991,waypoint,1,0.882027
159.666674993,tag,1,0.882027
