sim_time,event,value
392.283353792,tag,0
404.766687776,waypoint,0
415.416688332,tag,1
