sim_time,event,value,soc
3075.900160420,run_started,17,0.999666
3104.833495263,waypoint,1,0.884044
3104.983495270,tag,1,0.883714
3128.683496506,waypoint,2,0.787735
3128.816829847,tag,2,0.787062
3152.216831067,waypoint,3,0.691294
3152.683497758,tag,3,0.689808
