sim_time,event,value,soc
0.100000005,run_started,1,0.999670
28.983334844,waypoint,1,0.884225
