sim_time,event,value
260.766680266,tag,0
273.233347583,waypoint,0
283.733348131,tag,1
