sim_time,event,value,soc
0.133333340,run_started,1,0.999670
28.900001507,waypoint,1,0.884168
52.916669426,waypoint,2,0.787134
