sim_time,event,value,soc
0.000000000,run_started,1,nan
16.483334193,tag,1,0.934791
28.916668174,waypoint,1,0.889080
39.950002083,tag,2,0.842362
