sim_time,event,value
18.083334276,tag,0
30.716668268,waypoint,0
41.716668842,tag,1
55.016669536,waypoint,1
