sim_time,event,value
20.016667710,tag,0
32.333335019,waypoint,0
43.266668923,tag,1
57.866669684,waypoint,1
69.783336972,tag,2
