sim_time,event,value
19.250001003,tag,0
34.033335108,tag,5
