sim_time,id
16.916667548,0
40.783335460,1
65.950003439,2
91.883338125,3
115.666672699,4
166.483342016,5
329.100017163,564
