sim_time,id
16.616667533,0
37.233335275,461
39.716668738,468
40.483335444,1
66.733336813,2
91.966671463,3
115.266672678,4
163.750008540,5
