sim_time,id
16.766667541,0
39.833335410,1
64.316670021,2
91.633338112,3
115.316672680,4
166.666675359,5
