sim_time,id
16.950000884,0
40.033335421,1
54.033336151,1
