sim_time,id
17.366667572,0
40.233335431,1
53.983336148,1
69.833336975,0
