sim_time,id
17.250000899,0
40.666668787,1
65.866670101,2
91.500004772,3
114.716672649,4
165.950008654,5
