sim_time,id
17.300000902,0
40.233335431,1
53.450002787,1
59.300003092,376
