sim_time,id
16.983334219,0
39.583335397,1
64.566670034,2
91.650004779,3
115.983339382,4
164.333341903,5
