sim_time,id
16.900000881,0
40.133335426,1
