sim_time,id
16.183334177,0
40.566668782,1
