sim_time,id
17.300000902,0
33.450001744,477
40.200002096,1
65.233336735,2
91.733338117,3
121.916673025,4
183.850009588,5
