sim_time,id
17.033334221,0
29.333334863,0
39.516668727,1
81.233337569,0
