sim_time,id
16.916667548,0
40.366668771,1
