sim_time,id
16.816667543,0
41.066668808,1
66.466670133,2
91.883338125,3
115.516672691,4
164.183341896,5
