sim_time,id
16.883334213,0
39.983335418,1
