sim_time,event,value
19.433334346,tag,0
32.116668341,waypoint,0
42.833335567,tag,1
