sim_time,event,value,soc
0.100000005,run_started,1,0.999609
28.800001502,waypoint,1,0.863305
28.933334842,tag,1,0.862909
52.800002753,waypoint,2,0.748364
52.950002761,tag,2,0.747972
