sim_time,event,value
18.783334312,tag,0
34.500001799,tag,5
