sim_time,event,value
197.700010310,tag,0,0.968259
