sim_time,event,value
20.033334378,tag,0
32.266668349,waypoint,0
42.733335562,tag,1
55.916669582,tag,126
56.483336279,waypoint,1
