sim_time,event,value,soc
3368.600175686,run_started,19,0.999609
3397.200177177,waypoint,1,0.864055
3397.300177183,tag,1,0.863263
3420.650178400,waypoint,2,0.751130
3420.833511743,tag,2,0.750338
