sim_time,event,value,soc
0.100000005,run_started,1,0.999670
29.033334847,waypoint,1,0.883933
29.283334860,tag,1,0.883261
52.950002761,waypoint,2,0.787309
52.966669429,tag,2,0.787309
