sim_time,event,value
202.983343919,tag,0
215.450011236,waypoint,0
226.350011805,tag,1
239.683345833,waypoint,1
251.616679789,tag,2
263.000013716,waypoint,2
